Shane,33333,3,False,INTERNET_TV,interupt,sgghhgfhdf
jkhjkhj,6565,4,False,TV,interupt,zzzzzzzzzzzzzzzzzzzzzzzz
Shane,33333,3,False,INTERNET_TV,interupt,sgghhgfhdf
jkhjkhj,6565,4,False,TV,interupt,zzzzzzzzzzzzzzzzzzzzzzzz
Shane,33333,3,False,INTERNET_TV,interupt,sgghhgfhdf
jkhjkhj,6565,4,False,TV,interupt,zzzzzzzzzzzzzzzzzzzzzzzz
Shane,33333,3,False,INTERNET_TV,interupt,sgghhgfhdf
jkhjkhj,6565,4,False,TV,interupt,zzzzzzzzzzzzzzzzzzzzzzzz
Shane,33333,3,False,INTERNET_TV,interupt,sgghhgfhdf
jkhjkhj,6565,4,False,TV,interupt,zzzzzzzzzzzzzzzzzzzzzzzz
Shane,33333,3,False,INTERNET_TV,interupt,sgghhgfhdf
jkhjkhj,6565,4,False,TV,interupt,zzzzzzzzzzzzzzzzzzzzzzzz
